"First Name","Last Name","Gender","Age","Email","Phone","Marital Status","aadhar_id"
"Frederick","Davis","Male","28","f.davis@randatmail.com","848-8652-82","Single","6451180471"
"Kate","Montgomery","Female","28","k.montgomery@randatmail.com","914-8799-48","Married","8517563060"
"James","Evans","Male","25","j.evans@randatmail.com","148-6134-34","Single","7556261898"
"Kimberly","Scott","Female","20","k.scott@randatmail.com","684-9225-89","Married","1432627325"
"Joyce","Cole","Female","19","j.cole@randatmail.com","260-6926-98","Single","4232013356"
"Alan","Bailey","Male","26","a.bailey@randatmail.com","667-5622-39","Married","9498471323"
"Eddy","Harper","Male","25","e.harper@randatmail.com","753-9250-05","Single","4879533235"
"Aldus","Jones","Male","21","a.jones@randatmail.com","403-1095-42","Single","0329709708"
"Clark","Johnson","Male","18","c.johnson@randatmail.com","789-9049-59","Married","3210067229"
"Lenny","Chapman","Male","29","l.chapman@randatmail.com","083-6193-85","Single","0960111131"
"Sawyer","Barrett","Male","27","s.barrett@randatmail.com","979-4252-23","Married","5914736508"
"George","Edwards","Male","28","g.edwards@randatmail.com","878-6069-80","Married","9085911647"
"Alford","Murphy","Male","29","a.murphy@randatmail.com","731-4721-19","Married","1916955468"
"Kelsey","Evans","Female","28","k.evans@randatmail.com","249-8341-06","Single","4328358334"
"Wilson","Mason","Male","30","w.mason@randatmail.com","341-3535-65","Married","7261616805"
"Chelsea","Ellis","Female","20","c.ellis@randatmail.com","478-4735-13","Married","7106127824"
"Michael","Cooper","Male","20","m.cooper@randatmail.com","706-2230-88","Single","2660203092"
"Paige","Ferguson","Female","23","p.ferguson@randatmail.com","181-2215-84","Married","0760887757"
"Daisy","Stewart","Female","29","d.stewart@randatmail.com","836-1702-29","Married","1283057023"
"Tony","Stewart","Male","30","t.stewart@randatmail.com","386-0095-62","Single","0981028420"
"Emily","Wilson","Female","27","e.wilson@randatmail.com","522-3556-03","Single","3143176166"
"Antony","Adams","Male","26","a.adams@randatmail.com","199-0217-51","Single","6905094471"
"Rebecca","Murray","Female","21","r.murray@randatmail.com","209-3521-85","Single","1491736490"
"Aldus","Andrews","Male","29","a.andrews@randatmail.com","150-9700-94","Married","1907573599"
"Walter","Morrison","Male","19","w.morrison@randatmail.com","255-7270-47","Married","1305051259"
"Savana","Higgins","Female","20","s.higgins@randatmail.com","775-3174-65","Single","7995260943"
"Alexia","Hall","Female","29","a.hall@randatmail.com","176-6876-82","Single","4865174002"
"Heather","Brown","Female","22","h.brown@randatmail.com","192-6673-82","Married","6363235703"
"Jordan","Clark","Male","25","j.clark@randatmail.com","502-2388-36","Single","7435703353"
"Ryan","Gibson","Male","21","r.gibson@randatmail.com","514-2947-89","Married","9897391213"
"Lucia","Kelly","Female","28","l.kelly@randatmail.com","576-9612-08","Married","3816146737"
"Adison","Wells","Male","22","a.wells@randatmail.com","197-5223-81","Single","9490820031"
"Kristian","Spencer","Male","28","k.spencer@randatmail.com","490-2948-68","Single","0678194266"
"Dexter","Cooper","Male","19","d.cooper@randatmail.com","769-0261-28","Married","1347973498"
"Sabrina","Walker","Female","24","s.walker@randatmail.com","177-1297-56","Married","0011338878"
"Edward","Farrell","Male","21","e.farrell@randatmail.com","671-9576-39","Single","7078124757"
"Madaline","Lloyd","Female","22","m.lloyd@randatmail.com","775-0172-22","Married","1006633519"
"Paul","Phillips","Male","27","p.phillips@randatmail.com","238-1286-54","Single","1592505960"
"Oscar","Morris","Male","28","o.morris@randatmail.com","448-4305-47","Married","5380001934"
"Rebecca","Johnston","Female","30","r.johnston@randatmail.com","583-9668-03","Single","6069262950"
"David","Johnston","Male","19","d.johnston@randatmail.com","341-4916-95","Married","0175428076"
"Abigail","Jones","Female","24","a.jones@randatmail.com","397-9525-01","Married","5014081753"
"Madaline","Warren","Female","20","m.warren@randatmail.com","244-3530-54","Single","6771575661"
"Annabella","Wilson","Female","19","a.wilson@randatmail.com","604-8564-12","Single","1968011855"
"Arianna","Rogers","Female","25","a.rogers@randatmail.com","059-3179-49","Single","5714369442"
"Adele","Spencer","Female","24","a.spencer@randatmail.com","584-9410-15","Married","1999105122"
"Grace","Farrell","Female","26","g.farrell@randatmail.com","481-2324-77","Single","6782139752"
"Reid","Myers","Male","19","r.myers@randatmail.com","137-1348-19","Married","1665650693"
"Alisa","Murphy","Female","19","a.murphy@randatmail.com","045-5339-00","Married","4256035313"
"Daniel","Campbell","Male","21","d.campbell@randatmail.com","905-8498-95","Married","9186539247"
